"gamma","X1","X2","X3","X4","X5","average"
0,0.0534662921310859,0.126004656283235,0.158574278456886,0.178496688729875,0.250604146294228,0.153429212379062
0.1,0.0493404826523457,0.118752532035916,0.152710023804695,0.172323702292056,0.243340739220831,0.147293496001169
0.2,0.0455647096019856,0.112023113619529,0.147259852640143,0.166573838949295,0.236523807709811,0.141589064504153
0.3,0.0421045294383087,0.105770417984576,0.142185143327744,0.161207387198053,0.230114773463269,0.13627645028239
0.4,0.0389295273938455,0.0999533220212278,0.137451752173299,0.156189317417855,0.224079320009823,0.13132064780321
0.5,0.0360127653827895,0.0945349609464943,0.133029391793448,0.151488621244016,0.218386820761692,0.126690512025688
0.6,0.033330317116786,0.0894822121059854,0.128891110197574,0.147077759033481,0.213009857329251,0.122358251156616
0.7,0.0308608747718165,0.084765250507655,0.12501285189853,0.142932195373014,0.207923811728679,0.118298996855939
0.8,0.0285854147057109,0.0803571648464085,0.121373086276812,0.139030006723663,0.203106519465983,0.114490438403716
0.9,0.0264869121755738,0.0762336247396439,0.11795249142136,0.135351548498344,0.198537973067175,0.110912509980419
1,0.0245500969212756,0.0723725914779781,0.114733683991916,0.131879171363102,0.194200067639533,0.107547122278761
1.1,0.022761242992545,0.0687540658817436,0.111700987460757,0.128596978507949,0.190076381631336,0.104377931294866
1.2,0.0211079873973717,0.0653598679034916,0.108840232518243,0.125490617176523,0.186151987209095,0.101390138440945
1.3,0.019579173108735,0.062173443477234,0.10613858455746,0.122547098969668,0.182413285668237,0.0985703171562669
1.4,0.0181647127382056,0.0591796948236872,0.103584394055706,0.119754644417446,0.178847864092184,0.0959062620254457
1.5,0.0168554698090157,0.0563648310066247,0.10116706639529,0.117102548101033,0.175444370119094,0.0933868570862116
1.6,0.0156431550686921,0.0537162360217541,0.0988769482515948,0.114581061241577,0.172192402198038,0.0910019605563313
1.7,0.0145202356961234,0.0512223521047492,0.0967052281519266,0.112181289189104,0.169082413142327,0.0887423036568462
1.8,0.0134798555985663,0.0488725762839189,0.0946438491970271,0.10989510166547,0.166105625136774,0.0865994015763513
1.9,0.0125157652750645,0.0466571684873231,0.0926854322557464,0.107715053960279,0.163253954642988,0.0845654749242803
2,0.011622259955514,0.0445671697535062,0.0908232082060746,0.105634317562517,0.160519945884477,0.0826333802724177
2.1,0.01079412491819,0.0425943292971605,0.0890509580132065,0.103646618945258,0.157896711790649,0.0807965485928928
2.2,0.0100265870501636,0.0407310393522397,0.0873629596161392,0.101746185415416,0.155377881443446,0.079048930575481
2.3,0.00931527185045503,0.0389702768604966,0.0857539407452255,0.0999276971026036,0.152957553208077,0.0773849479533715
2.4,0.00865616518961653,0.0373055511973014,0.0842190369195468,0.0981862442966535,0.150630252845109,0.0757994500896455
2.5,0.00804557923547889,0.0357308572324236,0.0827537539792879,0.0965172894570014,0.148390895998787,0.0742876751805958
2.6,0.00748012203605494,0.0342406331140659,0.0813539345979795,0.0949166333127556,0.146234754539009,0.072845215519973
2.7,0.00695667031956324,0.032829722242223,0.0800157282953874,0.0933803845530271,0.144157426304508,0.0714679863429417
2.8,0.00647234513023574,0.0314933389643691,0.0787355645362744,0.0919049326754752,0.142154807854426,0.0701521978321561
2.9,0.00602448996867334,0.0302270375842004,0.0775101285551438,0.0904869236190926,0.140223069886436,0.0688943299227092
3,0.00561065114838704,0.0290266843240545,0.0763363395939316,0.0891232378567375,0.138358635023177,0.0676911095892575
3.1,0.00522856011694318,0.0278884319248523,0.0752113312797539,0.087810970665166,0.136558157706237,0.0665394903385905
3.2,0.00487611752176266,0.0268086966049261,0.0741324339042582,0.0865474143265131,0.13481850596915,0.065436633665322
3.3,0.00455137882789373,0.025784137131731,0.0730971583957898,0.0853300420462401,0.133136744888705,0.064379892258072
3.4,0.00425254131863549,0.0248116357888802,0.0721031818011661,0.0841564933993106,0.131510121537939,0.0633667947691863
3.5,0.00397793233029065,0.0238882810457791,0.0711483341159819,0.0830245611394319,0.129936051285051,0.0623950319833069
3.6,0.00372599859002592,0.0230113517588551,0.070230586321542,0.0819321792261551,0.128412105300632,0.0614624442394421
3.7,0.00349529654121028,0.022178302752423,0.0693480395031892,0.0808774119419186,0.126935999151383,0.0605670099780248
3.8,0.00328448355401055,0.0213867516439342,0.0684989149392908,0.0798584439861464,0.125505582372302,0.0597068352991368
3.9,0.00309230993072725,0.0206344667930601,0.0676815450628,0.0788735714465836,0.124118828921381,0.0588801444309104
4,0.00291761162559046,0.0199193562670006,0.0668943652083723,0.0779211935594599,0.122773828431403,0.0580852710183653
4.1,0.00275930360770172,0.019239457725833,0.0661359060676909,0.0769998051800369,0.121468778182747,0.0573206501528018
4.2,0.00261637380367835,0.0185929291418041,0.0654047867841604,0.0761079898938188,0.12020197572922,0.0565848110705363
4.3,0.00248787756347457,0.0179780402754016,0.0646997086255863,0.0752444137063668,0.118971812116191,0.055876370457404
4.4,0.00237293259894584,0.0173931648389524,0.0640194491800371,0.0744078192563775,0.117776765636581,0.0551940263021788
4.5,0.00227071435009506,0.0168367732855189,0.0633628570258821,0.073597020502615,0.116615396075946,0.0545365522480114
4.6,0.00218045173868598,0.016307426167109,0.0627288468321172,0.0728108978405007,0.115486339402803,0.0539027923962432
4.7,0.00210142327310663,0.0158037680117678,0.0621163948496266,0.0720483936087853,0.114388302864812,0.0532916565216197
4.8,0.00203295347208647,0.0153245216740729,0.0615245347580413,0.0713085079508039,0.113320060455297,0.0527021156620603
4.9,0.00197440957816964,0.014868483117971,0.0609523538364192,0.0705902949984318,0.112280448718121,0.0521331980498225
5,0.00192519853478078,0.0144345165948402,0.0603989894291407,0.0698928593500708,0.111268362862004,0.0515839853541673
5.1,0.00188476420332692,0.0140215501831956,0.0598636256812323,0.0692153528168447,0.11028275315817,0.0510536092085539
5.2,0.00185258479910391,0.0136285716596151,0.0593454905198457,0.0685569714137246,0.109322621597664,0.0505412479979907
5.3,0.00182817052684864,0.0132546246733012,0.0588438528608599,0.0679169525745659,0.108387018786927,0.0500461238845005
5.4,0.00181106139862974,0.0128988051992379,0.0583580200215814,0.0672945725720602,0.107475041062171,0.0495675000507361
5.5,0.0018008252184254,0.0125602582471916,0.0578873353223115,0.0666891441254104,0.106585827804915,0.0491046781436508
5.6,0.00179705571921927,0.0122381748058624,0.0574311758611559,0.066100014180152,0.105718558942607,0.0486569959017993
5.7,0.00179937083977385,0.011931789003349,0.0569889504478962,0.0655265618459942,0.104872452619728,0.0482238249513482
5.8,0.00180741112943393,0.0116403754667593,0.0565600976840346,0.0649681964798508,0.104046763026064,0.0478045687572285
5.9,0.00182083827038321,0.0113632468653098,0.056144084177294,0.0644243559024004,0.103240778369981,0.0473986607170736
6,0.00183933370774118,0.0110997516226229,0.0557404028799002,0.0638945047375633,0.10245381898563,0.0470055623866916
6.1,0.00186259737875494,0.0108492717851594,0.0553485715409168,0.0633781328652289,0.101685235563933,0.0466247618267985
6.2,0.00189034653312202,0.0106112210348467,0.054968131263764,0.0628747539784194,0.10093440749807,0.0462557720616443
6.3,0.00192231463718623,0.0103850428349681,0.0545986451608132,0.0623839042368444,0.100200741334992,0.0458981296409608
6.4,0.00195825035538569,0.0101702086993046,0.0542396970976552,0.0619051410094958,0.0994836693251585,0.0455513932974
6.5,0.0019979166029074,0.00996621657534598,0.053890890520263,0.0614380416995617,0.0987826480633577,0.0452151426922872
6.6,0.00204108966402514,0.00977258933315135,0.0535518473588479,0.0609822026455058,0.0980971572140648,0.044888977243119
6.7,0.00208755837106832,0.00958887335212471,0.0532222070027203,0.0605372380926757,0.0974266983153011,0.044572515026778
6.8,0.0021371233393982,0.00941463719859951,0.0529016253409431,0.0601027792302715,0.096770793655452,0.0442653917529328
6.9,0.00218959625415587,0.00924947038769698,0.0525897738639874,0.059678473288929,0.0961289852179441,0.0439672598025427
7,0.00224479920489915,0.00909298222344429,0.0522863388219924,0.0592639826945614,0.0955008336890805,0.0436777873267955
7.1,0.00230256406456617,0.00894480071161296,0.0519910204355874,0.0588589842744518,0.0948859175246941,0.0433966574021825
7.2,0.00236273190949505,0.00880457154017356,0.0517035321555505,0.0584631685119121,0.0942838320716284,0.0431235672377519
7.3,0.00242515247749474,0.00867195712265824,0.0514235999678777,0.0580762388461108,0.0936941887403418,0.0428582274308967
7.4,0.0024896836612039,0.00854663570008644,0.0511509617411059,0.0576979110139455,0.093116614225232,0.0426003612683148
7.5,0.00255619103419572,0.00842830049744093,0.0508853666129718,0.0573279124310718,0.0925507497695147,0.042349704069039
7.6,0.00262454740748776,0.00831665893098596,0.0506265744137202,0.0569659816094273,0.0919962504717404,0.0421060025666723
7.7,0.00269463241430023,0.00821143186299904,0.0503743551235786,0.0566118676087909,0.0914527846312429,0.0418690143281823
7.8,0.00276633212107371,0.00811235290074202,0.0501284883620991,0.0562653295201045,0.0909200331300072,0.0416385072068053
7.9,0.00283953866291238,0.00801916773673484,0.0498887629072467,0.0559261359784531,0.0903976888486363,0.0414142588267967
8,0.00291414990175818,0.0079316335276093,0.0496549762422676,0.0555940647037568,0.0898854561142541,0.0411960560979292
8.1,0.00299006910573191,0.00784951830901924,0.0494269341285157,0.0552689020673728,0.0893830501783423,0.0409836947577964
8.2,0.00306720464819447,0.0077726004442671,0.0492044502025533,0.0549504426829348,0.0888901967226448,0.0407769789401189
8.3,0.00314546972519066,0.00770066810447386,0.0489873455959569,0.0546384890198795,0.0884066313914115,0.0405757207673825
8.4,0.00322478209003738,0.00763351877827493,0.0487754485763805,0.0543328510382222,0.0879320993483663,0.0403797399662563
8.5,0.00330506380390977,0.00757095880916721,0.0485685942085243,0.054033345843244,0.0874663548568991,0.0401888635043489
8.6,0.00338624100136272,0.00751280295876417,0.0483666240337582,0.0537397973588495,0.0870091608820847,0.0400029252469638
8.7,0.0034682436698032,0.00745887399433794,0.0481693857672353,0.053452036018439,0.086560288713224,0.0398217656326079
8.8,0.00355100544199936,0.00740900229913861,0.0479767330114108,0.0531698984722229,0.0861195176056931,0.039645231366093
8.9,0.00363446340077868,0.00736302550408589,0.0477885249849585,0.0528932273099733,0.0856866344409642,0.0394731751281521
9,0.00371855789512757,0.0073207881395235,0.0476046262661464,0.0526218707982858,0.0852614334037402,0.0393054553005647
9.1,0.00380323236696075,0.00728214130581555,0.0474249065497948,0.0523556826314788,0.0848437156752139,0.0391419357058528
9.2,0.00388843318788024,0.00724694236164618,0.0472492404170014,0.0520945216953218,0.084433289141524,0.0389824853606747
9.3,0.00397410950529117,0.00721505462896027,0.0470775071168736,0.0518382518428351,0.0840299681165451,0.0388269782421011
9.4,0.00406021309728586,0.00718634711355387,0.0469095903595546,0.0515867416814567,0.083633573078201,0.0386752930660104
9.5,0.00414669823574774,0.00716069424038634,0.0467453781198825,0.0513398643709138,0.0832439304175422,0.0385273130768945
9.6,0.00423352155716476,0.0071379756027498,0.0465847624510614,0.0510974974311849,0.0828608721998794,0.038382925848408
9.7,0.00432064194067613,0.00711807572448566,0.0464276393077645,0.0508595225599747,0.0824842359373042,0.038242023094041
9.8,0.00440802039290887,0.00710088383449098,0.0462739083781275,0.0506258254591614,0.0821138643719765,0.038104500487333
9.9,0.00449561993919029,0.00708629365280645,0.0461234729241256,0.0503962956697123,0.0817496052695889,0.0379702574910847
10,0.00458340552074963,0.00707420318762171,0.0459762396298582,0.0501708264145939,0.081391311222462,0.0378391971950571
10.1,0.00467134389754893,0.00706451454257755,0.0458321184572975,0.0499493144492332,0.081038839461752,0.0377112261616818
10.2,0.0047594035564053,0.00705713373378196,0.045691022509083,0.0497316599191138,0.080692051678286,0.037586254279334
10.3,0.00484755462409064,0.00705197051599389,0.0455528678979725,0.0495177662241178,0.08035081385157,0.037464194622749
10.4,0.00493576878511339,0.00704893821746386,0.0454175736225812,0.0493075398892462,0.0800149960865407,0.0373449633201891
10.5,0.00502401920390787,0.00704795358294933,0.0452850614490671,0.0491008904413745,0.0796844724576551,0.0372284794269908
10.6,0.00511228045117298,0.00704893662445519,0.0451552557984368,0.0488977302917221,0.0793591208599435,0.0371146648051461
10.7,0.00520052843411906,0.0070518104792755,0.0450280836391723,0.0486979746237284,0.0790388228666632,0.0370034440085917
10.8,0.00528874033039733,0.00705650127493824,0.0449034743848887,0.0485015412860547,0.0787234635932192,0.0368947441738996
10.9,0.00537689452549988,0.00706293800067977,0.04478135979676,0.0483083506904399,0.0784129315670333,0.0367884949160826
11,0.00546497055343208,0.00707105238509721,0.0446616738904573,0.0481183257141597,0.0781071186030625,0.0366846282292417
11.1,0.00555294904047126,0.00708077877964812,0.0445443528473631,0.0479313916068503,0.0778059196846859,0.0365830783918037
11.2,0.00564081165183738,0.00709205404768663,0.0444293349298404,0.0477474759014733,0.0775092328496905,0.0364837818761056
11.3,0.00572854104111157,0.00710481745874267,0.0443165604003432,0.0475665083292105,0.0772169590811082,0.0363866772621032
11.4,0.00581612080224941,0.00711901058776945,0.0442059714441733,0.0473884207380892,0.076929002202664,0.0362917051549891
11.5,0.00590353542404415,0.0071345772190988,0.0440975120956951,0.0472131470151519,0.0766452687786121,0.0361988081065204
11.6,0.0059907702469045,0.00715146325486003,0.043991128167833,0.0470406230119916,0.0763656680177475,0.0361079305398673
11.7,0.00607781142181962,0.00716961662763144,0.0438867671846863,0.0468707864734873,0.0760901116813939,0.0360190186778037
11.8,0.00616464587139145,0.00718898721710718,0.0437843783171027,0.0467035769695802,0.0758185139951766,0.0359320204740716
11.9,0.00625126125282172,0.0072095267705741,0.0436839123210667,0.0465389358299441,0.0755507915644015,0.0358468855477616
12,0.00633764592274786,0.00723118882700507,0.0435853214787585,0.0463768060814067,0.0752868632928716,0.035763565120558
12.1,0.0064237889038278,0.00725392864458635,0.0434885595421555,0.0462171323879909,0.0750266503049793,0.035682011956708
12.2,0.0065096798529802,0.00727770313150559,0.0433935816790511,0.0460598609934486,0.0747700758709218,0.0356021803055814
12.3,0.00659530903119107,0.00730247077983878,0.0433003444213709,0.0459049396661695,0.0745170653348968,0.0355240258466934
12.4,0.00668066727480458,0.00732819160238036,0.0432088056156784,0.0457523176463517,0.0742675460461397,0.0354475056370709
12.5,0.00676574596821823,0.00735482707227336,0.0431189243757621,0.0456019455953264,0.0740214472926759,0.0353725780608512
12.6,0.00685053701790968,0.00738234006529908,0.0430306610372071,0.0454537755469386,0.0737787002376606,0.035299202781003
12.7,0.00693503282772467,0.00741069480469896,0.0429439771138539,0.0453077608608856,0.0735392378581945,0.0352273406930715
12.8,0.0070192262753608,0.00743985680840342,0.0428588352560573,0.0451638561779226,0.0733029948865006,0.035156953880849
12.9,0.00710311068998456,0.00746979283855188,0.0427751992106615,0.045022017376853,0.0730699077533596,0.0350880055738821
13,0.00718667983092367,0.00750047085319413,0.0426930337826084,0.0448822015332174,0.072839914533702,0.0350204601067291
13.1,0.00726992786737919,0.0075318599600678,0.0426123047981059,0.0447443668796072,0.0726129548942645,0.0349542828798849
13.2,0.0073528493591046,0.00756393037235343,0.0425329790692838,0.0446084727675285,0.0723889700432179,0.0348894403222976
13.3,0.00743543923800393,0.00759665336631315,0.0424550243602668,0.0444744796307464,0.0721679026816831,0.0348258998554027
13.4,0.00751769279060086,0.0076300012407245,0.0423784093546046,0.044342348950045,0.0719496969570517,0.0347636298586053
13.5,0.00759960564133563,0.00766394727802471,0.0423031036239912,0.0442120432193385,0.0717342984180353,0.0347025996361451
13.6,0.00768117373664792,0.00769846570708564,0.042229077598222,0.0440835259130751,0.0715216539713697,0.0346427793852801
13.7,0.00776239332980634,0.007733531667544,0.0421563025363269,0.0439567614548773,0.0713117118401016,0.0345841401657312
13.8,0.00784326096644716,0.0077691211756147,0.042084750498832,0.0438317151873634,0.0711044215233946,0.0345266538703304
13.9,0.00792377347078721,0.00780521109131856,0.0420143943210976,0.0437083533431009,0.0708997337577874,0.0344702931968183
14,0.00800392793247774,0.00784177908706095,0.0419452075876833,0.0435866430166409,0.0706976004798461,0.0344150316207418
14.1,0.00808372169406704,0.00787880361749829,0.0418771646076994,0.0434665521375899,0.0704979747901509,0.0343608433694011
14.2,0.008163152339043,0.00791626389063495,0.041810240391098,0.0433480494446714,0.0703008109185636,0.0343077033968022
14.3,0.00824221768042596,0.00795413984009499,0.0417444106258639,0.0432311044607395,0.070106064190724,0.0342555873595697
14.4,0.0083209157498865,0.00799241209851572,0.0416796516560679,0.0431156874687006,0.0699136909957209,0.0342044715937783
14.5,0.00839924478736148,0.00803106197201273,0.041615940460743,0.0430017694883081,0.0697236487548965,0.0341543330926644
14.6,0.00847720323114489,0.00807007141566943,0.0415532546335508,0.0428893222537917,0.0695358958917341,0.0341051494851782
14.7,0.00855478970843081,0.00810942301000486,0.0414915723632032,0.0427783181922885,0.069350391802785,0.0340568990153425
14.8,0.00863200302628615,0.0081490999383777,0.0414308724146074,0.0426687304030412,0.0691670968295977,0.034009560522382
14.9,0.00870884216303347,0.0081890859652839,0.041371134110704,0.0425605326373336,0.0689859722316049,0.033963113421592
15,0.0087853062600236,0.00822936541551107,0.0413123373149711,0.0424536992791324,0.068806980159933,0.0339175376859142
15.1,0.00886139461378032,0.00826992315410948,0.0412544624145621,0.0423482053264068,0.0686300836320979,0.0338728138281913
15.2,0.00893710666849876,0.00831074456714786,0.0411974903040567,0.042244026373099,0.0684552465075513,0.0338289228840707
15.3,0.00901244200888165,0.00835181554321633,0.0411414023697949,0.0421411385917192,0.0682824334640456,0.0337858463955315
15.4,0.00908740035329682,0.00839312245564837,0.0410861804747737,0.0420395187165408,0.068111609974785,0.0337435663950089
15.5,0.00916198154724173,0.00843465214542726,0.0410318069440816,0.0419391440273706,0.0679427422863337,0.033702065390091
15.6,0.00923618555709993,0.00847639190475102,0.0409782645508493,0.0418399923338732,0.0677757973972506,0.0336613263487648
15.7,0.00931001246417654,0.00851832946122632,0.040925536502697,0.0417420419604268,0.0676107430374251,0.0336213326851903
15.8,0.00938346245899952,0.00856045296266524,0.0408736064286565,0.0416452717314894,0.0674475476480847,0.0335820682459791
15.9,0.00945653583587455,0.00860275096245968,0.040822458366551,0.0415496609574565,0.0672861803624525,0.0335435172969588
16,0.00952923298768176,0.00864521240550876,0.0407720767508131,0.0414551894209911,0.0671266109870265,0.0335056645104043
16.1,0.00960155440090363,0.0086878266146776,0.0407224464007243,0.041361837363807,0.0669688099834618,0.0334684949527149
16.2,0.00967350065087272,0.00873058327776354,0.0406735525090592,0.0412695854738888,0.0668127484510288,0.0334319940725226
16.3,0.00974507239723031,0.0087734724349502,0.0406253806311187,0.0411784148731329,0.06665839810963,0.0333961476892124
16.4,0.00981627037958536,0.00881648446672904,0.0405779166741369,0.0410883071053917,0.0665057312833529,0.0333609419818392
16.5,0.0098870954133652,0.00885961008226959,0.0405311468870475,0.0409992441249066,0.0663547208845402,0.0333263634784258
16.6,0.00995754838584934,0.00890284030821843,0.0404850578505953,0.0409112082851165,0.0662053403983578,0.0332923990456275
16.7,0.0100276302523782,0.00894616647791271,0.04043963646778,0.0408241823278256,0.0660575638678435,0.033259035878748
16.8,0.0100973420327285,0.0089895802209874,0.0403948699546197,0.0407381493727189,0.0659113658794186,0.0332262614920946
16.9,0.0101666848076482,0.00903307345336464,0.0403507458312215,0.0406530929072118,0.0657667215488458,0.0331940637096584
17,0.0102356597155444,0.00907663836760633,0.0403072519131478,0.0405689967766221,0.0656236065076181,0.0331624306561077
17.1,0.0103042679493154,0.00912026742361753,0.0402643763030671,0.0404858451746514,0.0654819968897624,0.0331313507480828
17.2,0.0103725107533241,0.00916395333968628,0.0402221073826791,0.0404036226341667,0.0653418693190445,0.0331008126857801
17.3,0.0104403894205021,0.00920768908384579,0.0401804338049028,0.0403223140182691,0.0652032008965601,0.033070805444816
17.4,0.0105079052895826,0.0092514678655477,0.0401393444863194,0.0402419045116413,0.0650659691886997,0.0330413182683581
17.5,0.0105750597424537,0.0092952831276322,0.0400988285998585,0.0401623796121618,0.0649301522154725,0.0330123406595157
17.6,0.0106418542016291,0.00933912853858588,0.0400588755677211,0.0400837251227787,0.0647957284391796,0.0329838623739789
17.7,0.0107082901278285,0.00938299798507364,0.0400194750545282,0.0400059271436319,0.0646626767534216,0.0329558734128968
17.8,0.0107743690176654,0.00942688556473557,0.0399806169606892,0.0399289720644154,0.0645309764724309,0.0329283640159873
17.9,0.0108400924014358,0.00947078557923819,0.03994229141598,0.039852846556973,0.0644006073207181,0.032901324654869
18,0.0109054618410049,0.00951469252757022,0.0399044887733249,0.0397775375681159,0.0642715494230195,0.0328747460266071
18.1,0.0109704789277855,0.00955860109957278,0.0398671996027733,0.0397030323126576,0.0641437832945379,0.0328486190474654
18.2,0.011035145280807,0.00960250616969612,0.0398304146856664,0.039629318266657,0.0640172898314661,0.0328229348468585
18.3,0.011099462544868,0.00964640279097486,0.039794125008985,0.0395563831608629,0.0638920503017829,0.0327976847614947
18.4,0.0111634323887715,0.00969028618920978,0.0397583217598727,0.0394842149743527,0.0637680463363133,0.032772860329704
18.5,0.0112270565036373,0.00973415175735405,0.0397229963203297,0.0394128019283596,0.0636452599200446,0.032748453285945
18.6,0.0112903366012897,0.00977799505009069,0.0396881402620679,0.0393421324802802,0.063523673383688,0.0327244555554833
18.7,0.0113532744127154,0.00982181177859799,0.0396537453415262,0.0392721953178584,0.0634032693954804,0.0327008592492357
18.8,0.0114158716865917,0.00986559780549337,0.0396198034950357,0.0392029793535381,0.0632840309532163,0.032677656658775
18.9,0.011478130187878,0.00990934913995083,0.0395863068341332,0.0391344737189793,0.063165941376503,0.0326548402514889
19,0.0115400516964715,0.0099530619329842,0.039553247641016,0.0390666677597337,0.0630489842992326,0.0326324026658876
19.1,0.0116016380059223,0.0099967324728906,0.0395206183641334,0.0389995510300718,0.0629331436622622,0.0326103367070561
19.2,0.0116628909222059,0.0100403571808487,0.0394884116139109,0.0389331132879585,0.0628184037062981,0.0325886353422444
19.3,0.0117238122625509,0.010083932606665,0.0394566201586021,0.0388673444901725,0.0627047489649743,0.0325672916965929
19.4,0.0117844038543191,0.010127455424663,0.0394252369202635,0.0388022347875624,0.0625921642581221,0.032546299048986
19.5,0.0118446675339365,0.0101709224297116,0.0393942549708486,0.0387377745204385,0.0624806346852225,0.0325256508280315
19.6,0.0119046051458723,0.010214330533385,0.0393636675284182,0.0386739542140922,0.0623701456190372,0.032505340608161
19.7,0.0119642185416644,0.0102576767602512,0.0393334679534603,0.0386107645744425,0.0622606826994116,0.032485362105846
19.8,0.0120235095789886,0.0103009582442846,0.0393036497453189,0.0385481964838024,0.0621522318272452,0.0324657091759279
19.9,0.0120824801207714,0.0103441722253962,0.0392742065387264,0.0384862409967634,0.0620447791586225,0.032446375808056
20,0.0121411320343425,0.0103873160460802,0.0392451321004365,0.0384248893361932,0.0619383110991029,0.0324273561232311
20.1,0.0121994671906272,0.0104303871481695,0.0392164203259547,0.0383641328893436,0.0618328142981601,0.032408644370451
20.2,0.0122574874633746,0.0104733830697,0.0391880652363621,0.0383039632040652,0.0617282756437703,0.0323902349234544
20.3,0.012315194728424,0.010516301441875,0.0391600609752312,0.0382443719851244,0.0616246822571427,0.0323721222775595
20.4,0.0123725908630031,0.0105591399861322,0.0391324018056287,0.0381853510906213,0.0615220214875882,0.0323543010465947
20.5,0.0124296777450608,0.0106018965113033,0.0391050821072043,0.038126892528504,0.0614202809075222,0.0323367659599189
20.6,0.0124864572526307,0.010644568910868,0.0390780963733615,0.038068988453176,0.061319448307598,0.0323195118595269
20.7,0.0125429312632252,0.0106871551602967,0.0390514392085079,0.038011631162196,0.0612195116919661,0.0323025336972384
20.8,0.0125991016532579,0.010729653314478,0.0390251053253831,0.0379548130930644,0.0611204592736553,0.0322858265319677
20.9,0.0126549702974946,0.0107720615052318,0.0389990895424613,0.0378985268200953,0.0610222794700743,0.0322693855270715
21,0.0127105390685301,0.0108143779388996,0.0389733867814262,0.0378427650513724,0.0609249608986263,0.0322532059477709
21.1,0.0127658098362908,0.0108566008940142,0.0389479920647155,0.0377875206257835,0.060828492372437,0.0322372831586482
21.2,0.0128207844675619,0.0108987287190435,0.0389229005131339,0.037732786510134,0.0607328628961907,0.0322216126212128
21.3,0.0128754648255373,0.0109407598302057,0.0388981073435316,0.0376785557963353,0.0606380616620712,0.0322061898915362
21.4,0.0129298527693931,0.0109826927093558,0.0388736078665459,0.0376248216986664,0.0605440780458058,0.0321910106179534
21.5,0.0129839501538809,0.0110245259019369,0.0388493974844058,0.0375715775511066,0.0604509016028081,0.0321760705388277
21.6,0.0130377588289436,0.0110662580149995,0.0388254716887944,0.037518816804737,0.0603585220644167,0.0321613654803782
21.7,0.0130912806393495,0.0111078877152806,0.0388018260587712,0.0374665330252086,0.0602669293342289,0.0321468913545678
21.8,0.0131445174243457,0.0111494137273456,0.0387784562587488,0.0374147198902757,0.0601761134845238,0.0321326441570479
21.9,0.01319747101733,0.0111908348317875,0.0387553580365255,0.0373633711873912,0.0600860647527741,0.0321186199651617
22,0.0132501432455401,0.0112321498634832,0.0387325272213696,0.0373124808113644,0.0599967735382447,0.0321048149360004
22.1,0.0133025359297588,0.0112733577099047,0.0387099597221544,0.0372620427620769,0.0599082303986731,0.0320912253045136
22.2,0.0133546508840359,0.0113144573094822,0.0386876515255449,0.0372120511422565,0.0598204260470319,0.0320778473816703
22.3,0.0134064899154253,0.0113554476500201,0.0386655986942298,0.0371625001553068,0.0597333513483691,0.0320646775526702
22.4,0.0134580548237363,0.0113963277671598,0.038643797365202,0.0371133841031912,0.059646997316726,0.032051712275203
22.5,0.0135093474012992,0.0114370967428932,0.0386222437480836,0.0370646973843695,0.0595613551121283,0.0320389480777548
22.6,0.0135603694327447,0.0114777537041198,0.0386009341234953,0.0370164344917859,0.05947641603765,0.0320263815579591
22.7,0.013611122694796,0.0115182978212499,0.0385798648414673,0.036968590010906,0.0593921715365476,0.0320140093809934
22.8,0.0136616089560726,0.0115587283068507,0.0385590323198926,0.0369211586178029,0.0593086131894623,0.0320018282780162
22.9,0.0137118299769069,0.0115990444143344,0.0385384330430198,0.03687413507729,0.0592257327116891,0.031989835044648
23,0.0137617875091719,0.0116392454366848,0.0385180635599847,0.0368275142410992,0.0591435219505098,0.0319780265394901
23.1,0.0138114832961193,0.0116793307052267,0.0384979204833803,0.0367812910461032,0.0590619728825893,0.0319663996826838
23.2,0.0138609190722285,0.0117192995884288,0.0384780004878623,0.0367354605125816,0.0589810776114335,0.0319549514545069
23.3,0.0139100965630653,0.011759151490747,0.0384583003087913,0.0366900177425282,0.0589008283649052,0.0319436788940074
23.4,0.0139590174851506,0.0117988858515,0.0384388167409095,0.0366449579179992,0.0588212174927992,0.0319325790976717
23.5,0.0140076835458374,0.0118385021437811,0.0384195466370492,0.0366002762995012,0.0587422374644734,0.0319216492181284
23.6,0.0140560964431974,0.0118779998734023,0.0384004869068768,0.036555968224417,0.0586638808665338,0.0319108864628855
23.7,0.0141042578659158,0.0119173785778707,0.0383816345156654,0.03651202910547,0.0585861404005744,0.0319002880930992
23.8,0.0141521694931936,0.0119566378253958,0.0383629864831006,0.0364684544292232,0.0585090088809671,0.0318898514223761
23.9,0.0141998329946582,0.0119957772139268,0.0383445398821144,0.0364252397546159,0.058432479232704,0.0318795738156038
24,0.0142472500302814,0.0120347963702196,0.0383262918377494,0.0363823807115326,0.058356544489287,0.031869452687814
24.1,0.0142944222503035,0.0120736949489308,0.0383082395260498,0.0363398729994068,0.0582811977906672,0.0318594855030716
24.2,0.0143413512951657,0.0121124726317401,0.0382903801729815,0.036297712385857,0.058206432381229,0.0318496697733947
24.3,0.0143880387954474,0.0121511291264981,0.0382727110533773,0.036255894705354,0.0581322416078215,0.0318400030576997
24.4,0.0144344863718107,0.0121896641664006,0.0382552294899086,0.03621441585792,0.0580586189178321,0.0318304829607744
24.5,0.0144806956349503,0.0122280775091874,0.0382379328520821,0.0361732718078566,0.0579855578573049,0.0318211071322762
24.6,0.0145266681855492,0.0122663689363642,0.0382208185552615,0.036132458582503,0.0579130520691001,0.0318118732657556
24.7,0.0145724056142401,0.0123045382524488,0.0382038840597124,0.0360919722710222,0.0578410952910946,0.0318027790977036
24.8,0.0146179095015711,0.01234258528424,0.0381871268696696,0.0360518090232147,0.0577696813544223,0.0317938224066236
24.9,0.0146631814179774,0.0123805098801067,0.0381705445324289,0.03601196504836,0.0576988041817532,0.0317850010121252
25,0.0147082229237569,0.0124183119092997,0.0381541346374589,0.0359724366140831,0.0576284577856101,0.0317763127740417
25.1,0.0147530355690507,0.0124559912612837,0.0381378948155345,0.035933220045248,0.0575586362667227,0.031767755591568
25.2,0.0147976208938279,0.0124935478450881,0.0381218227378921,0.0358943117228749,0.0574893338124173,0.03175932740242
25.3,0.0148419804278742,0.0125309815886782,0.038105916115403,0.0358557080830824,0.0574205446950409,0.0317510261820158
25.4,0.0148861156907847,0.0125682924383449,0.0380901726977687,0.035817405616053,0.0573522632704207,0.0317428499426744
25.5,0.0149300281919604,0.0126054803581113,0.0380745902727329,0.0357794008650222,0.0572844839763556,0.0317347967328365
25.6,0.0149737194306084,0.0126425453291583,0.0380591666653139,0.0357416904252889,0.0572172013311412,0.0317268646363022
25.7,0.015017190895745,0.0126794873492661,0.038043899737054,0.0357042709432488,0.0571504099321252,0.0317190517714878
25.8,0.0150604440662027,0.0127163064322728,0.0380287873852865,0.0356671391154485,0.0570841044542951,0.0317113562907011
25.9,0.0151034804106397,0.0127530026075482,0.0380138275424209,0.0356302916876605,0.0570182796488946,0.0317037763794328
26,0.0151463013875529,0.0127895759194844,0.0379990181752424,0.0355937254539787,0.0569529303420704,0.0316963102556658
26.1,0.0151889084452934,0.0128260264269991,0.0379843572842306,0.035557437255933,0.0568880514335468,0.0316889561692006
26.2,0.0152313030220845,0.0128623542030565,0.0379698429028911,0.0355214239816237,0.056823637895329,0.031681712400997
26.3,0.0152734865460426,0.0128985593341985,0.0379554730971051,0.0354856825648744,0.0567596847704328,0.0316745772625307
26.4,0.0153154604352004,0.0129346419200941,0.0379412459644911,0.0354502099844037,0.0566961871716415,0.0316675490951662
26.5,0.0153572260975326,0.0129706020730977,0.0379271596337836,0.035415003263013,0.0566331402802884,0.031660626269543
26.6,0.0153987849309827,0.0130064399178226,0.037913212264225,0.0353800594667946,0.056570539345065,0.031653807184978
26.7,0.0154401383234942,0.0130421555907276,0.0378994020449712,0.0353453757043536,0.056508379680853,0.03164709026888
26.8,0.0154812876530409,0.0130777492397132,0.0378857271945107,0.0353109491260487,0.0564466566675817,0.031640473976179
26.9,0.015522234287661,0.0131132210237317,0.0378721859600969,0.0352767769232479,0.0563853657491077,0.031633956788769
27,0.0155629795854931,0.0131485711124076,0.0378587766171934,0.0352428563276005,0.0563245024321182,0.0316275372149626
27.1,0.0156035248948121,0.0131837996856702,0.0378454974689313,0.0352091846103238,0.0562640622850568,0.0316212137889588
27.2,0.0156438715540685,0.0132189069333948,0.0378323468455791,0.0351757590815054,0.0562040409370708,0.0316149850703237
27.3,0.0156840208919287,0.0132538930550569,0.0378193231040236,0.0351425770894202,0.0561444340769799,0.0316088496434819
27.4,0.0157239742273159,0.0132887582593942,0.0378064246272639,0.0351096360198607,0.0560852374522664,0.0316028061172202
27.5,0.0157637328694536,0.0133235027640799,0.0377936498239143,0.0350769332954824,0.0560264468680846,0.031596853124203
27.6,0.0158032981179094,0.0133581267954049,0.0377809971277206,0.0350444663751619,0.0559680581862912,0.0315909893204976
27.7,0.0158426712626405,0.0133926305879692,0.037768464997085,0.0350122327533688,0.0559100673244951,0.0315852133851117
27.8,0.0158818535840401,0.0134270143843826,0.0377560519146029,0.0349802299595503,0.0558524702551248,0.0315795240195401
27.9,0.015920846352985,0.0134612784349736,0.0377437563866094,0.0349484555575283,0.0557952630045164,0.0315739199473225
28,0.0159596508308841,0.0134954229975069,0.0377315769427346,0.0349169071449089,0.0557384416520178,0.0315683999136105
28.1,0.0159982682697278,0.0135294483369096,0.0377195121354703,0.0348855823525045,0.0556820023291122,0.0315629626847449
28.2,0.0160366999121385,0.0135633547250049,0.0377075605397451,0.0348544788437666,0.0556259412185578,0.0315576070478426
28.3,0.0160749469914213,0.0135971424402525,0.037695720752509,0.0348235943142309,0.0555702545535446,0.0315523318103916
28.4,0.0161130107316164,0.0136308117674994,0.0376839913923262,0.0347929264909735,0.0555149386168683,0.0315471357998568
28.5,0.0161508923475516,0.0136643629977344,0.0376723710989779,0.0347624731320775,0.0554599897401198,0.0315420178632922
28.6,0.0161885930448951,0.0136977964278522,0.0376608585330727,0.0347322320261113,0.0554054043028902,0.0315369768669643
28.7,0.0162261140202099,0.0137311123604235,0.0376494523756651,0.034702200991616,0.0553511787319923,0.0315320116959814
28.8,0.0162634564610079,0.0137643111034719,0.0376381513278832,0.0346723778766044,0.0552973095006958,0.0315271212539327
28.9,0.0163006215458053,0.0137973929702567,0.0376269541105638,0.0346427605580689,0.0552437931279786,0.0315223044625347
29,0.0163376104441771,0.0138303582790627,0.0376158594638939,0.0346133469414998,0.0551906261777912,0.0315175602612849
29.1,0.016374424316814,0.0138632073529965,0.0376048661470622,0.0345841349604127,0.0551378052583363,0.0315128876071243
29.2,0.0164110643155778,0.0138959405197866,0.037593972937916,0.0345551225758856,0.0550853270213614,0.0315082854741055
29.3,0.0164475315835587,0.0139285581115927,0.0375831786326257,0.0345263077761044,0.055033188161465,0.0315037528530693
29.4,0.0164838272551316,0.0139610604648168,0.0375724820453577,0.0344976885759183,0.0549813854154169,0.0314992887513283
29.5,0.0165199524560138,0.0139934479199229,0.0375618820079512,0.0344692630164031,0.0549299155614897,0.0314948921923561
29.6,0.0165559083033221,0.0140257208212599,0.0375513773696049,0.0344410291644328,0.0548787754188039,0.0314905622154847
29.7,0.0165916959056308,0.014057879516891,0.0375409669965679,0.0344129851122608,0.0548279618466862,0.0314862978756073
29.8,0.0166273163630294,0.0140899243584269,0.0375306497718386,0.0343851289771075,0.0547774717440373,0.0314820982428879
29.9,0.0166627707671806,0.0141218557008644,0.0375204245948682,0.0343574589007567,0.0547273020487144,0.0314779624024769
30,0.0166980602013785,0.0141536739024305,0.0375102903812716,0.0343299730491606,0.0546774497369235,0.0314738894542329
