"gamma","beta_1_CR","beta_2_CR","beta_1_AR","beta_2_AR","beta_1_AR_infinity","beta_2_AR_infinity"
0,0.67695249241792,-0.323859182131028,0.701118397185641,-0.376995904520622,0.650421685429217,-0.265522441202799
0.1,0.693142351282808,-0.312632539978279,0.696886127566916,-0.367689862062473,0.650421685429217,-0.265522441202799
0.2,0.707091859533429,-0.30253898197825,0.693306049402581,-0.359817877902153,0.650421685429217,-0.265522441202799
0.3,0.719293064536047,-0.293367700803685,0.690238193538928,-0.353072183630607,0.650421685429217,-0.265522441202799
0.4,0.730097553076889,-0.284964148448789,0.687579969228809,-0.347227199609785,0.650421685429217,-0.265522441202799
0.5,0.739763958888724,-0.277211477739893,0.685254467743785,-0.342113816601199,0.650421685429217,-0.265522441202799
0.6,0.748487314140917,-0.270019011219036,0.683202899323578,-0.33760276590165,0.650421685429217,-0.265522441202799
0.7,0.756417869587651,-0.263314796499768,0.681379554141631,-0.333593539361819,0.650421685429217,-0.265522441202799
0.8,0.763673553360436,-0.257040637891095,0.679748356338017,-0.330006812289682,0.650421685429217,-0.265522441202799
0.9,0.77034845070317,-0.25114868302482,0.678280452949308,-0.326779141916475,0.650421685429217,-0.265522441202799
1,0.776518717899789,-0.245599016932554,0.676952492417918,-0.323859182131028,0.650421685429217,-0.265522441202799
1.1,0.782246796808305,-0.240357927097598,0.675745373055835,-0.321204931563926,0.650421685429217,-0.265522441202799
1.2,0.787584476790615,-0.235396626526663,0.674643318299942,-0.318781700230985,0.650421685429217,-0.265522441202799
1.3,0.79257515811743,-0.230690296469007,0.673633183359765,-0.316560584969294,0.650421685429217,-0.265522441202799
1.4,0.797255551483419,-0.226217356721205,0.672703928412225,-0.31451731108192,0.650421685429217,-0.265522441202799
1.5,0.801656972378884,-0.221958900942948,0.671846213466928,-0.31263134151547,0.650421685429217,-0.265522441202799
1.6,0.805806339759934,-0.217898253616112,0.671052083332774,-0.310885184155121,0.650421685429217,-0.265522441202799
1.7,0.809726955771459,-0.214020618051251,0.670314720143334,-0.309263847669919,0.650421685429217,-0.265522441202799
1.8,0.813439121202578,-0.210312793500677,0.66962824712163,-0.30775441002491,0.650421685429217,-0.265522441202799
1.9,0.816960626192818,-0.206762945405112,0.668987571620022,-0.306345673352395,0.650421685429217,-0.265522441202799
2,0.820307145131269,-0.203360416982407,0.668388258560383,-0.305027885668446,0.650421685429217,-0.265522441202799
2.1,0.823492557207,-0.200095573340353,0.667826427620162,-0.303792514802449,0.650421685429217,-0.265522441202799
2.2,0.826529208702545,-0.196959671439593,0.667298669123976,-0.302632063457041,0.650421685429217,-0.265522441202799
2.3,0.829428129226432,-0.193944750798364,0.666801974787231,-0.301539916925072,0.650421685429217,-0.265522441202799
2.4,0.832199211219918,-0.191043540988087,0.666333680339528,-0.300510216928181,0.650421685429217,-0.265522441202799
2.5,0.834851359949737,-0.188249382833849,0.66589141771649,-0.299537756494794,0.650421685429217,-0.265522441202799
2.6,0.837392619606775,-0.185556160887231,0.665473075008782,-0.298617891894778,0.650421685429217,-0.265522441202799
2.7,0.839830279925883,-0.182958245237409,0.665076762738512,-0.297746468486992,0.650421685429217,-0.265522441202799
2.8,0.842170966822237,-0.180450441110363,0.664700785326736,-0.296919757981158,0.650421685429217,-0.265522441202799
2.9,0.844420719831529,-0.178027945004123,0.664343616843112,-0.296134405115496,0.650421685429217,-0.265522441202799
3,0.846585058591833,-0.175686306341637,0.664003880306263,-0.295387382141694,0.650421685429217,-0.265522441202799
3.1,0.848669040175398,-0.173421393807191,0.663680329942706,-0.294675949815345,0.650421685429217,-0.265522441202799
3.2,0.850677308740557,-0.171229365678967,0.663371835922552,-0.293997623832288,0.650421685429217,-0.265522441202799
3.3,0.85261413870589,-0.169106643587801,0.663077371177644,-0.293350145844035,0.650421685429217,-0.265522441202799
3.4,0.854483472435112,-0.167049889226913,0.662795999978225,-0.292731458339644,0.650421685429217,-0.265522441202799
3.5,0.856288953249671,-0.165055983614188,0.662526868000164,-0.292139682805398,0.650421685429217,-0.265522441202799
3.6,0.858033954447671,-0.163122008571378,0.662269193660879,-0.29157310067388,0.650421685429217,-0.265522441202799
3.7,0.859721604895488,-0.161245230136017,0.662022260538713,-0.291030136655463,0.650421685429217,-0.265522441202799
3.8,0.861354811666891,-0.159423083664401,0.66178541072094,-0.290509344111754,0.650421685429217,-0.265522441202799
3.9,0.862936280129442,-0.157653160419192,0.661558038950383,-0.290009392184959,0.650421685429217,-0.265522441202799
4,0.864468531816146,-0.155933195464666,0.661339587460931,-0.28952905444208,0.650421685429217,-0.265522441202799
4.1,0.865953920369218,-0.154261056717172,0.661129541409211,-0.289067198829942,0.650421685429217,-0.265522441202799
4.2,0.867394645800374,-0.152634735019137,0.660927424823641,-0.288622778767839,0.650421685429217,-0.265522441202799
4.3,0.86879276727657,-0.151052335122447,0.660732797003774,-0.28819482523028,0.650421685429217,-0.265522441202799
4.4,0.870150214610504,-0.14951206748185,0.660545249312558,-0.287782439693773,0.650421685429217,-0.265522441202799
4.5,0.871468798610181,-0.148012240771697,0.660364402312469,-0.287384787839596,0.650421685429217,-0.265522441202799
4.6,0.872750220420806,-0.146551255050147,0.660189903203162,-0.287001093919689,0.650421685429217,-0.265522441202799
4.7,0.873996079974457,-0.145127595504189,0.660021423524335,-0.286630635705598,0.650421685429217,-0.265522441202799
4.8,0.875207883647776,-0.143739826716867,0.65985865709225,-0.286272739951263,0.650421685429217,-0.265522441202799
4.9,0.876387051215053,-0.142386587404922,0.6597013181427,-0.285926778309702,0.650421685429217,-0.265522441202799
5,0.877534922172994,-0.141066585581082,0.659549139656688,-0.285592163651466,0.650421685429217,-0.265522441202799
5.1,0.878652761503988,-0.139778594100356,0.659401871848199,-0.285268346739496,0.650421685429217,-0.265522441202799
5.2,0.879741764936556,-0.138521446554248,0.659259280796019,-0.284954813220775,0.650421685429217,-0.265522441202799
5.3,0.880803063754596,-0.137294033480698,0.659121147203911,-0.284651080900092,0.650421685429217,-0.265522441202799
5.4,0.881837729200973,-0.136095298861065,0.65898726527523,-0.284356697265558,0.650421685429217,-0.265522441202799
5.5,0.882846776515723,-0.134924236878427,0.658857441689895,-0.284071237239135,0.650421685429217,-0.265522441202799
5.6,0.883831168644548,-0.133779888914187,0.658731494673012,-0.283794301128686,0.650421685429217,-0.265522441202799
5.7,0.884791819649264,-0.132661340762315,0.658609253145692,-0.28352551276077,0.650421685429217,-0.265522441202799
5.8,0.885729597848406,-0.1315677200426,0.658490555949733,-0.283264517775867,0.650421685429217,-0.265522441202799
5.9,0.886645328713087,-0.130498193796171,0.658375251138796,-0.283010982069759,0.650421685429217,-0.265522441202799
6,0.887539797540549,-0.129451966248154,0.658263195329471,-0.282764590366676,0.650421685429217,-0.265522441202799
6.1,0.888413751925497,-0.128428276723756,0.658154253106463,-0.28252504491137,0.650421685429217,-0.265522441202799
6.2,0.889267904047173,-0.127426397705437,0.65804829647667,-0.282292064268734,0.650421685429217,-0.265522441202799
6.3,0.89010293278835,-0.126445633019897,0.657945204367535,-0.282065382220765,0.650421685429217,-0.265522441202799
6.4,0.890919485700743,-0.125485316144696,0.65784486216554,-0.281844746751806,0.650421685429217,-0.265522441202799
6.5,0.891718180829956,-0.124544808625226,0.657747161291168,-0.281629919113914,0.650421685429217,-0.265522441202799
6.6,0.892499608411725,-0.123623498593583,0.657651998806953,-0.281420672965085,0.650421685429217,-0.265522441202799
6.7,0.89326433245015,-0.122720799381651,0.657559277055728,-0.281216793573778,0.650421685429217,-0.265522441202799
6.8,0.894012892187554,-0.121836148221344,0.657468903326323,-0.281018077083884,0.650421685429217,-0.265522441202799
6.9,0.894745803474711,-0.120969005025596,0.65738078954438,-0.28082432983482,0.650421685429217,-0.265522441202799
7,0.895463560049379,-0.12011885124421,0.657294851986027,-0.280635367732017,0.650421685429217,-0.265522441202799
7.1,0.896166634730335,-0.119285188789172,0.657211011012556,-0.280451015663475,0.650421685429217,-0.265522441202799
7.2,0.896855480533477,-0.118467539024505,0.657129190824258,-0.280271106958496,0.650421685429217,-0.265522441202799
7.3,0.897530531715971,-0.117665441816086,0.657049319231855,-0.280095482885108,0.650421685429217,-0.265522441202799
7.4,0.89819220475387,-0.116878454637305,0.65697132744406,-0.279923992182956,0.650421685429217,-0.265522441202799
7.5,0.898840899258194,-0.116106151726683,0.656895149869981,-0.279756490628803,0.650421685429217,-0.265522441202799
7.6,0.899476998834017,-0.115348123293936,0.656820723935142,-0.279592840631994,0.650421685429217,-0.265522441202799
7.7,0.900100871886708,-0.114603974771221,0.656747989910051,-0.279432910857516,0.650421685429217,-0.265522441202799
7.8,0.900712872379159,-0.113873326106554,0.656676890750332,-0.279276575874473,0.650421685429217,-0.265522441202799
7.9,0.901313340543475,-0.113155811096621,0.65660737194752,-0.279123715827999,0.650421685429217,-0.265522441202799
8,0.90190260355035,-0.112451076756424,0.656539381389687,-0.278974216132813,0.650421685429217,-0.265522441202799
8.1,0.902480976139074,-0.111758782723365,0.656472869231174,-0.27882796718676,0.650421685429217,-0.265522441202799
8.2,0.903048761210892,-0.111078600693593,0.656407787770697,-0.278684864102845,0.650421685429217,-0.265522441202799
8.3,0.903606250388202,-0.110410213888553,0.656344091337302,-0.278544806458361,0.650421685429217,-0.265522441202799
8.4,0.904153724541907,-0.109753316549853,0.656281736183436,-0.278407698059878,0.650421685429217,-0.265522441202799
8.5,0.904691454289039,-0.109107613460709,0.65622068038477,-0.278273446722921,0.650421685429217,-0.265522441202799
8.6,0.905219700462634,-0.108472819492298,0.656160883746204,-0.278141964065272,0.650421685429217,-0.265522441202799
8.7,0.905738714555642,-0.107848659173547,0.656102307713602,-0.278013165312942,0.650421685429217,-0.265522441202799
8.8,0.906248739140583,-0.10723486628292,0.656044915290913,-0.277886969117888,0.650421685429217,-0.265522441202799
8.9,0.906750008266484,-0.106631183460888,0.655988670962243,-0.277763297386692,0.650421685429217,-0.265522441202799
9,0.907242747834537,-0.106037361841881,0.655933540618564,-0.277642075119395,0.650421685429217,-0.265522441202799
9.1,0.907727175953826,-0.10545316070455,0.655879491488746,-0.27752323025783,0.650421685429217,-0.265522441202799
9.2,0.908203503278343,-0.104878347139302,0.655826492074575,-0.277406693542788,0.650421685429217,-0.265522441202799
9.3,0.908671933326463,-0.104312695732101,0.655774512089563,-0.277292398379424,0.650421685429217,-0.265522441202799
9.4,0.909132662783933,-0.103755988263596,0.655723522401234,-0.277180280710355,0.650421685429217,-0.265522441202799
9.5,0.909585881791376,-0.103208013422746,0.655673494976663,-0.277070278895946,0.650421685429217,-0.265522441202799
9.6,0.910031774217242,-0.102668566534073,0.6556244028311,-0.276962333601309,0.650421685429217,-0.265522441202799
9.7,0.910470517917051,-0.102137449297845,0.655576219979427,-0.276856387689577,0.650421685429217,-0.265522441202799
9.8,0.910902284979757,-0.101614469542423,0.655528921390287,-0.276752386121066,0.650421685429217,-0.265522441202799
9.9,0.911327241961954,-0.101099440988151,0.65548248294275,-0.276650275857917,0.650421685429217,-0.265522441202799
10,0.911745550110655,-0.100592183022128,0.655436881385258,-0.27655000577392,0.650421685429217,-0.265522441202799
10.1,0.912157365575272,-0.100092520483299,0.655392094296834,-0.276451526569146,0.650421685429217,-0.265522441202799
10.2,0.912562839609415,-0.099600283457311,0.655348100050313,-0.276354790689126,0.650421685429217,-0.265522441202799
10.3,0.912962118763103,-0.099115307080598,0.655304877777515,-0.276259752248286,0.650421685429217,-0.265522441202799
10.4,0.913355345065874,-0.0986374313532489,0.655262407336255,-0.276166366957366,0.650421685429217,-0.265522441202799
10.5,0.913742656201356,-0.0981665009601536,0.655220669279022,-0.276074592054603,0.650421685429217,-0.265522441202799
10.6,0.91412418567371,-0.0977023651000394,0.655179644823309,-0.275984386240444,0.650421685429217,-0.265522441202799
10.7,0.914500062966419,-0.0972448773219794,0.655139315823411,-0.275895709615575,0.650421685429217,-0.265522441202799
10.8,0.914870413693835,-0.0967938953689707,0.655099664743682,-0.275808523622071,0.650421685429217,-0.265522441202799
10.9,0.915235359745846,-0.0963492810282711,0.655060674633094,-0.275722790987508,0.650421685429217,-0.265522441202799
11,0.915595019426057,-0.0959108999881098,0.655022329101082,-0.275638475671822,0.650421685429217,-0.265522441202799
11.1,0.915949507583805,-0.0954786217004824,0.654984612294577,-0.275555542816796,0.650421685429217,-0.265522441202799
11.2,0.916298935740331,-0.0950523192497292,0.654947508876142,-0.275473958698016,0.650421685429217,-0.265522441202799
11.3,0.916643412209432,-0.0946318692265844,0.654911004003188,-0.275393690679133,0.650421685429217,-0.265522441202799
11.4,0.916983042212836,-0.0942171516074831,0.654875083308157,-0.275314707168348,0.650421685429217,-0.265522441202799
11.5,0.917317927990612,-0.0938080496388112,0.654839732879693,-0.275236977576941,0.650421685429217,-0.265522441202799
11.6,0.917648168906835,-0.09340444972591,0.654804939244666,-0.275160472279777,0.650421685429217,-0.265522441202799
11.7,0.917973861550759,-0.0930062413265818,0.654770689351045,-0.275085162577668,0.650421685429217,-0.265522441202799
11.8,0.918295099833705,-0.0926133168488941,0.65473697055158,-0.275011020661465,0.650421685429217,-0.265522441202799
11.9,0.918611975081909,-0.0922255715530747,0.654703770588245,-0.274938019577828,0.650421685429217,-0.265522441202799
12,0.91892457612548,-0.0918429034573166,0.65467107757735,-0.274866133196552,0.650421685429217,-0.265522441202799
12.1,0.919232989383697,-0.0914652132472997,0.654638879995385,-0.274795336179391,0.650421685429217,-0.265522441202799
12.2,0.919537298946808,-0.0910924041892646,0.65460716666546,-0.274725603950267,0.650421685429217,-0.265522441202799
12.3,0.919837586654487,-0.0907243820464813,0.654575926744383,-0.274656912666836,0.650421685429217,-0.265522441202799
12.4,0.920133932171129,-0.0903610549989461,0.654545149710288,-0.274589239193307,0.650421685429217,-0.265522441202799
12.5,0.920426413058116,-0.0900023335661715,0.65451482535083,-0.274522561074459,0.650421685429217,-0.265522441202799
12.6,0.920715104843201,-0.0896481305329277,0.654484943751879,-0.274456856510801,0.650421685429217,-0.265522441202799
12.7,0.921000081087149,-0.0892983608778019,0.654455495286707,-0.274392104334808,0.650421685429217,-0.265522441202799
12.8,0.921281413447753,-0.0889529417044562,0.654426470605671,-0.274328283988189,0.650421685429217,-0.265522441202799
12.9,0.921559171741354,-0.0886117921754605,0.654397860626292,-0.274265375500118,0.650421685429217,-0.265522441202799
13,0.92183342400197,-0.088274833448587,0.654369656523793,-0.274203359466407,0.650421685429217,-0.265522441202799
13.1,0.922104236538148,-0.0879419886154721,0.654341849722018,-0.274142217029546,0.650421685429217,-0.265522441202799
13.2,0.922371673987643,-0.0876131826425234,0.654314431884742,-0.274081929859588,0.650421685429217,-0.265522441202799
13.3,0.92263579937002,-0.0872883423139911,0.654287394907332,-0.274022480135823,0.650421685429217,-0.265522441202799
13.4,0.922896674137256,-0.0869673961771124,0.654260730908764,-0.273963850529224,0.650421685429217,-0.265522441202799
13.5,0.923154358222465,-0.0866502744892246,0.654234432223971,-0.273906024185599,0.650421685429217,-0.265522441202799
13.6,0.923408910086785,-0.0863369091667905,0.654208491396478,-0.273848984709439,0.650421685429217,-0.265522441202799
13.7,0.923660386764544,-0.0860272337362247,0.654182901171381,-0.273792716148423,0.650421685429217,-0.265522441202799
13.8,0.923908843906758,-0.0857211832864794,0.654157654488553,-0.273737202978543,0.650421685429217,-0.265522441202799
13.9,0.924154335823033,-0.0854186944232906,0.65413274447617,-0.273682430089819,0.650421685429217,-0.265522441202799
14,0.924396915521958,-0.0851197052250286,0.654108164444468,-0.273628382772596,0.650421685429217,-0.265522441202799
14.1,0.924636634750026,-0.0848241552000865,0.654083907879751,-0.273575046704368,0.650421685429217,-0.265522441202799
14.2,0.924873544029164,-0.0845319852457485,0.654059968438644,-0.273522407937127,0.650421685429217,-0.265522441202799
14.3,0.92510769269293,-0.0842431376084587,0.654036339942558,-0.273470452885201,0.650421685429217,-0.265522441202799
14.4,0.925339128921416,-0.0839575558454665,0.654013016372366,-0.273419168313563,0.650421685429217,-0.265522441202799
14.5,0.925567899774931,-0.0836751847877676,0.653989991863312,-0.273368541326594,0.650421685429217,-0.265522441202799
14.6,0.925794051226495,-0.0833959705042999,0.65396726070007,-0.273318559357268,0.650421685429217,-0.265522441202799
14.7,0.92601762819322,-0.0831198602673342,0.653944817312029,-0.273269210156759,0.650421685429217,-0.265522441202799
14.8,0.926238674566581,-0.082846802519043,0.653922656268735,-0.273220481784425,0.650421685429217,-0.265522441202799
14.9,0.926457233241663,-0.0825767468391613,0.653900772275519,-0.273172362598182,0.650421685429217,-0.265522441202799
15,0.926673346145409,-0.0823096439137225,0.653879160169274,-0.273124841245226,0.650421685429217,-0.265522441202799
15.1,0.926887054263897,-0.0820454455048217,0.653857814914385,-0.273077906653112,0.650421685429217,-0.265522441202799
15.2,0.927098397668701,-0.0817841044213742,0.653836731598835,-0.27303154802114,0.650421685429217,-0.265522441202799
15.3,0.927307415542372,-0.0815255744908125,0.653815905430428,-0.272985754812082,0.650421685429217,-0.265522441202799
15.4,0.927514146203056,-0.0812698105317094,0.653795331733154,-0.272940516744188,0.650421685429217,-0.265522441202799
15.5,0.927718627128311,-0.0810167683272669,0.653775005943693,-0.272895823783492,0.650421685429217,-0.265522441202799
15.6,0.92792089497812,-0.0807664045996766,0.653754923608041,-0.272851666136396,0.650421685429217,-0.265522441202799
15.7,0.928120985617157,-0.0805186769852712,0.653735080378253,-0.272808034242512,0.650421685429217,-0.265522441202799
15.8,0.928318934136331,-0.0802735440104769,0.653715472009313,-0.272764918767761,0.650421685429217,-0.265522441202799
15.9,0.928514774873622,-0.0800309650685156,0.653696094356095,-0.272722310597715,0.650421685429217,-0.265522441202799
16,0.928708541434249,-0.0797909003968425,0.653676943370448,-0.272680200831182,0.650421685429217,-0.265522441202799
16.1,0.928900266710186,-0.079553311055278,0.653658015098374,-0.272638580773994,0.650421685429217,-0.265522441202799
16.2,0.929089982899063,-0.0793181589048288,0.653639305677315,-0.272597441933031,0.650421685429217,-0.265522441202799
16.3,0.929277721522462,-0.0790854065871436,0.653620811333511,-0.272556776010443,0.650421685429217,-0.265522441202799
16.4,0.92946351344363,-0.0788550175046204,0.653602528379471,-0.272516574898066,0.650421685429217,-0.265522441202799
16.5,0.929647388884645,-0.0786269558011035,0.653584453211525,-0.272476830672036,0.650421685429217,-0.265522441202799
16.6,0.929829377443044,-0.0784011863431723,0.653566582307445,-0.272437535587581,0.650421685429217,-0.265522441202799
16.7,0.930009508107924,-0.0781776747019959,0.653548912224176,-0.272398682073989,0.650421685429217,-0.265522441202799
16.8,0.930187809275562,-0.0779563871357317,0.653531439595596,-0.272360262729747,0.650421685429217,-0.265522441202799
16.9,0.930364308764537,-0.0777372905724511,0.653514161130408,-0.272322270317838,0.650421685429217,-0.265522441202799
17,0.930539033830409,-0.0775203525935643,0.65349707361005,-0.2722846977612,0.650421685429217,-0.265522441202799
17.1,0.930712011179931,-0.0773055414177483,0.653480173886713,-0.272247538138329,0.650421685429217,-0.265522441202799
17.2,0.930883266984845,-0.0770928258853444,0.653463458881394,-0.272210784679027,0.650421685429217,-0.265522441202799
17.3,0.931052826895257,-0.0768821754432042,0.653446925582038,-0.272174430760293,0.650421685429217,-0.265522441202799
17.4,0.931220716052616,-0.0766735601299831,0.65343057104172,-0.272138469902339,0.650421685429217,-0.265522441202799
17.5,0.931386959102295,-0.076466950561868,0.653414392376899,-0.272102895764748,0.650421685429217,-0.265522441202799
17.6,0.931551580205812,-0.0762623179187038,0.653398386765721,-0.272067702142741,0.650421685429217,-0.265522441202799
17.7,0.931714603052685,-0.0760596339305231,0.653382551446376,-0.272032882963568,0.650421685429217,-0.265522441202799
17.8,0.931876050871938,-0.0758588708644641,0.653366883715512,-0.27199843228302,0.650421685429217,-0.265522441202799
17.9,0.932035946443268,-0.0756600015120594,0.653351380926701,-0.271964344282043,0.650421685429217,-0.265522441202799
18,0.932194312107897,-0.0754629991768799,0.653336040488937,-0.27193061326346,0.650421685429217,-0.265522441202799
18.1,0.9323511697791,-0.0752678376625357,0.653320859865204,-0.271897233648802,0.650421685429217,-0.265522441202799
18.2,0.932506540952437,-0.0750744912610025,0.65330583657107,-0.271864199975224,0.650421685429217,-0.265522441202799
18.3,0.932660446715685,-0.0748829347412854,0.653290968173333,-0.271831506892533,0.650421685429217,-0.265522441202799
18.4,0.932812907758499,-0.0746931433383839,0.653276252288714,-0.271799149160293,0.650421685429217,-0.265522441202799
18.5,0.932963944381783,-0.0745050927425801,0.653261686582567,-0.271767121645032,0.650421685429217,-0.265522441202799
18.6,0.93311357650681,-0.074318759089002,0.653247268767671,-0.271735419317515,0.650421685429217,-0.265522441202799
18.7,0.933261823684079,-0.0741341189474872,0.653232996603,-0.271704037250126,0.650421685429217,-0.265522441202799
18.8,0.933408705101922,-0.0739511493127199,0.653218867892594,-0.271672970614301,0.650421685429217,-0.265522441202799
18.9,0.933554239594881,-0.0737698275946295,0.653204880484397,-0.271642214678062,0.650421685429217,-0.265522441202799
19,0.933698445651847,-0.0735901316090529,0.653191032269205,-0.271611764803608,0.650421685429217,-0.265522441202799
19.1,0.933841341423972,-0.0734120395686501,0.653177321179578,-0.271581616444987,0.650421685429217,-0.265522441202799
19.2,0.93398294473237,-0.0732355300740598,0.653163745188807,-0.271551765145828,0.650421685429217,-0.265522441202799
19.3,0.934123273075597,-0.0730605821052971,0.653150302309943,-0.271522206537154,0.650421685429217,-0.265522441202799
19.4,0.934262343636953,-0.0728871750133585,0.653136990594801,-0.271492936335239,0.650421685429217,-0.265522441202799
19.5,0.934400173291549,-0.0727152885120859,0.653123808133033,-0.271463950339553,0.650421685429217,-0.265522441202799
19.6,0.934536778613213,-0.0725449026702082,0.653110753051211,-0.271435244430736,0.650421685429217,-0.265522441202799
19.7,0.934672175881202,-0.0723759979036112,0.653097823511926,-0.271406814568659,0.650421685429217,-0.265522441202799
19.8,0.934806381086738,-0.0722085549678005,0.653085017712953,-0.271378656790525,0.650421685429217,-0.265522441202799
19.9,0.934939409939354,-0.07204255495057,0.653072333886397,-0.271350767209021,0.650421685429217,-0.265522441202799
20,0.935071277873096,-0.07187797926485,0.653059770297872,-0.271323142010541,0.650421685429217,-0.265522441202799
20.1,0.93520200005255,-0.0717148096417398,0.653047325245726,-0.271295777453437,0.650421685429217,-0.265522441202799
20.2,0.935331591378704,-0.0715530281237274,0.653034997060265,-0.271268669866335,0.650421685429217,-0.265522441202799
20.3,0.935460066494675,-0.0713926170580721,0.65302278410301,-0.271241815646492,0.650421685429217,-0.265522441202799
20.4,0.935587439791267,-0.071233559090365,0.65301068476596,-0.271215211258201,0.650421685429217,-0.265522441202799
20.5,0.935713725412402,-0.071075837158241,0.652998697470904,-0.271188853231233,0.650421685429217,-0.265522441202799
20.6,0.935838937260403,-0.0709194344852577,0.652986820668721,-0.271162738159337,0.650421685429217,-0.265522441202799
20.7,0.935963089001139,-0.0707643345749298,0.652975052838718,-0.271136862698765,0.650421685429217,-0.265522441202799
20.8,0.936086194069048,-0.0706105212049011,0.652963392487979,-0.27111122356685,0.650421685429217,-0.265522441202799
20.9,0.936208265672025,-0.0704579784212707,0.652951838150736,-0.271085817540616,0.650421685429217,-0.265522441202799
21,0.936329316796184,-0.0703066905330619,0.652940388387752,-0.271060641455426,0.650421685429217,-0.265522441202799
21.1,0.936449360210509,-0.0701566421068197,0.652929041785723,-0.271035692203669,0.650421685429217,-0.265522441202799
21.2,0.936568408471384,-0.0700078179613416,0.652917796956706,-0.271010966733481,0.650421685429217,-0.265522441202799
21.3,0.936686473927002,-0.069860203162549,0.652906652537535,-0.270986462047502,0.650421685429217,-0.265522441202799
21.4,0.936803568721684,-0.0697137830184618,0.652895607189285,-0.270962175201661,0.650421685429217,-0.265522441202799
21.5,0.936919704800064,-0.0695685430743213,0.652884659596729,-0.270938103304003,0.650421685429217,-0.265522441202799
21.6,0.937034893911196,-0.0694244691078086,0.652873808467824,-0.270914243513535,0.650421685429217,-0.265522441202799
21.7,0.937149147612546,-0.0692815471243909,0.652863052533191,-0.27089059303911,0.650421685429217,-0.265522441202799
21.8,0.937262477273888,-0.0691397633527734,0.652852390545626,-0.270867149138342,0.650421685429217,-0.265522441202799
21.9,0.937374894081108,-0.0689991042404647,0.652841821279619,-0.27084390911654,0.650421685429217,-0.265522441202799
22,0.937486409039912,-0.0688595564494458,0.652831343530883,-0.27082087032568,0.650421685429217,-0.265522441202799
22.1,0.937597032979457,-0.0687211068519301,0.652820956115892,-0.270798030163399,0.650421685429217,-0.265522441202799
22.2,0.937706776555867,-0.0685837425262501,0.652810657871453,-0.270775386072011,0.650421685429217,-0.265522441202799
22.3,0.9378156502557,-0.068447450752812,0.652800447654238,-0.27075293553756,0.650421685429217,-0.265522441202799
22.4,0.9379236643993,-0.0683122190101666,0.652790324340404,-0.270730676088878,0.650421685429217,-0.265522441202799
22.5,0.938030829144092,-0.0681780349711546,0.652780286825136,-0.270708605296689,0.650421685429217,-0.265522441202799
22.6,0.938137154487788,-0.0680448864991564,0.652770334022288,-0.270686720772722,0.650421685429217,-0.265522441202799
22.7,0.938242650271521,-0.0679127616444192,0.652760464863951,-0.270665020168847,0.650421685429217,-0.265522441202799
22.8,0.938347326182902,-0.0677816486404716,0.652750678300107,-0.270643501176236,0.650421685429217,-0.265522441202799
22.9,0.938451191759009,-0.0676515359006223,0.652740973298232,-0.270622161524546,0.650421685429217,-0.265522441202799
23,0.93855425638931,-0.0675224120145305,0.652731348842936,-0.27060099898112,0.650421685429217,-0.265522441202799
23.1,0.938656529318501,-0.0673942657448733,0.652721803935626,-0.270580011350207,0.650421685429217,-0.265522441202799
23.2,0.938758019649303,-0.0672670860240637,0.652712337594143,-0.270559196472202,0.650421685429217,-0.265522441202799
23.3,0.938858736345178,-0.0671408619510619,0.652702948852422,-0.270538552222908,0.650421685429217,-0.265522441202799
23.4,0.938958688232983,-0.0670155827882516,0.652693636760178,-0.270518076512814,0.650421685429217,-0.265522441202799
23.5,0.939057884005574,-0.0668912379583855,0.65268440038259,-0.27049776728638,0.650421685429217,-0.265522441202799
23.6,0.939156332224337,-0.0667678170416003,0.65267523879996,-0.270477622521368,0.650421685429217,-0.265522441202799
23.7,0.939254041321673,-0.0666453097725005,0.652666151107433,-0.270457640228149,0.650421685429217,-0.265522441202799
23.8,0.939351019603423,-0.0665237060373002,0.65265713641469,-0.270437818449066,0.650421685429217,-0.265522441202799
23.9,0.939447275251232,-0.0664029958710393,0.652648193845663,-0.270418155257783,0.650421685429217,-0.265522441202799
24,0.93954281632487,-0.0662831694548469,0.652639322538234,-0.270398648758668,0.650421685429217,-0.265522441202799
24.1,0.939637650764501,-0.0661642171132752,0.652630521643986,-0.270379297086179,0.650421685429217,-0.265522441202799
24.2,0.939731786392888,-0.0660461293116901,0.652621790327906,-0.270360098404272,0.650421685429217,-0.265522441202799
24.3,0.939825230917564,-0.0659288966537145,0.652613127768137,-0.27034105090582,0.650421685429217,-0.265522441202799
24.4,0.939917991932949,-0.0658125098787338,0.652604533155712,-0.270322152812045,0.650421685429217,-0.265522441202799
24.5,0.940010076922421,-0.0656969598594424,0.652596005694305,-0.270303402371963,0.650421685429217,-0.265522441202799
24.6,0.94010149326034,-0.0655822375994644,0.652587544599994,-0.270284797861847,0.650421685429217,-0.265522441202799
24.7,0.940192248214029,-0.0654683342310027,0.652579149100995,-0.270266337584699,0.650421685429217,-0.265522441202799
24.8,0.940282348945717,-0.0653552410125513,0.652570818437458,-0.270248019869727,0.650421685429217,-0.265522441202799
24.9,0.940371802514431,-0.0652429493266551,0.652562551861224,-0.270229843071845,0.650421685429217,-0.265522441202799
25,0.940460615877846,-0.0651314506777172,0.65255434863559,-0.270211805571187,0.650421685429217,-0.265522441202799
25.1,0.940548795894111,-0.0650207366898469,0.652546208035113,-0.270193905772616,0.650421685429217,-0.265522441202799
25.2,0.94063634932362,-0.0649107991047583,0.652538129345377,-0.270176142105257,0.650421685429217,-0.265522441202799
25.3,0.940723282830747,-0.0648016297797171,0.6525301118628,-0.270158513022039,0.650421685429217,-0.265522441202799
25.4,0.940809602985554,-0.0646932206855181,0.652522154894403,-0.270141016999246,0.650421685429217,-0.265522441202799
25.5,0.940895316265449,-0.0645855639045196,0.65251425775765,-0.270123652536075,0.650421685429217,-0.265522441202799
25.6,0.940980429056823,-0.0644786516287033,0.652506419780218,-0.27010641815421,0.650421685429217,-0.265522441202799
25.7,0.94106494765664,-0.0643724761577894,0.652498640299824,-0.2700893123974,0.650421685429217,-0.265522441202799
25.8,0.941148878274001,-0.0642670298973822,0.65249091866403,-0.270072333831052,0.650421685429217,-0.265522441202799
25.9,0.941232227031677,-0.0641623053571499,0.652483254230073,-0.270055481041824,0.650421685429217,-0.265522441202799
26,0.941314999967598,-0.0640582951490556,0.652475646364668,-0.270038752637243,0.650421685429217,-0.265522441202799
26.1,0.941397203036329,-0.0639549919856097,0.652468094443849,-0.27002214724531,0.650421685429217,-0.265522441202799
26.2,0.941478842110501,-0.063852388678166,0.652460597852793,-0.270005663514131,0.650421685429217,-0.265522441202799
26.3,0.941559922982214,-0.0637504781352527,0.65245315598565,-0.269989300111552,0.650421685429217,-0.265522441202799
26.4,0.941640451364425,-0.0636492533609312,0.652445768245386,-0.269973055724794,0.650421685429217,-0.265522441202799
26.5,0.941720432892287,-0.0635487074531936,0.652438434043624,-0.269956929060105,0.650421685429217,-0.265522441202799
26.6,0.941799873124473,-0.0634488336023957,0.652431152800472,-0.269940918842421,0.650421685429217,-0.265522441202799
26.7,0.941878777544477,-0.0633496250897048,0.652423923944398,-0.269925023815022,0.650421685429217,-0.265522441202799
26.8,0.941957151561877,-0.0632510752855999,0.652416746912055,-0.269909242739207,0.650421685429217,-0.265522441202799
26.9,0.942035000513575,-0.0631531776483913,0.652409621148142,-0.269893574393973,0.650421685429217,-0.265522441202799
27,0.942112329665025,-0.063055925722763,0.652402546105273,-0.2698780175757,0.650421685429217,-0.265522441202799
27.1,0.942189144211417,-0.0629593131383586,0.652395521243817,-0.269862571097842,0.650421685429217,-0.265522441202799
27.2,0.942265449278849,-0.0628633336083845,0.652388546031779,-0.26984723379062,0.650421685429217,-0.265522441202799
27.3,0.942341249925478,-0.0627679809282402,0.652381619944652,-0.269832004500741,0.650421685429217,-0.265522441202799
27.4,0.942416551142635,-0.0626732489741891,0.652374742465295,-0.269816882091092,0.650421685429217,-0.265522441202799
27.5,0.942491357855938,-0.0625791317020291,0.652367913083791,-0.269801865440469,0.650421685429217,-0.265522441202799
27.6,0.942565674926357,-0.0624856231458196,0.652361131297348,-0.269786953443294,0.650421685429217,-0.265522441202799
27.7,0.942639507151287,-0.0623927174166081,0.652354396610141,-0.269772145009347,0.650421685429217,-0.265522441202799
27.8,0.942712859265569,-0.0623004087012026,0.652347708533216,-0.269757439063495,0.650421685429217,-0.265522441202799
27.9,0.942785735942529,-0.0622086912609395,0.652341066584361,-0.269742834545442,0.650421685429217,-0.265522441202799
28,0.942858141794953,-0.0621175594305115,0.652334470287994,-0.269728330409462,0.650421685429217,-0.265522441202799
28.1,0.94293008137608,-0.0620270076167859,0.652327919175049,-0.269713925624155,0.650421685429217,-0.265522441202799
28.2,0.943001559180555,-0.0619370302976632,0.652321412782861,-0.269699619172207,0.650421685429217,-0.265522441202799
28.3,0.943072579645372,-0.0618476220209501,0.652314950655068,-0.269685410050142,0.650421685429217,-0.265522441202799
28.4,0.943143147150793,-0.0617587774032615,0.652308532341487,-0.269671297268092,0.650421685429217,-0.265522441202799
28.5,0.943213266021258,-0.0616704911289299,0.652302157398021,-0.26965727984957,0.650421685429217,-0.265522441202799
28.6,0.943282940526269,-0.0615827579489491,0.65229582538656,-0.269643356831237,0.650421685429217,-0.265522441202799
28.7,0.943352174881263,-0.0614955726799309,0.652289535874873,-0.269629527262687,0.650421685429217,-0.265522441202799
28.8,0.94342097324846,-0.0614089302030846,0.652283288436506,-0.269615790206229,0.650421685429217,-0.265522441202799
28.9,0.943489339737714,-0.0613228254632058,0.652277082650699,-0.269602144736678,0.650421685429217,-0.265522441202799
29,0.943557278407318,-0.0612372534677013,0.652270918102278,-0.269588589941142,0.650421685429217,-0.265522441202799
29.1,0.943624793264825,-0.0611522092856171,0.652264794381573,-0.269575124918823,0.650421685429217,-0.265522441202799
29.2,0.943691888267835,-0.0610676880466874,0.652258711084318,-0.269561748780813,0.650421685429217,-0.265522441202799
29.3,0.943758567324767,-0.0609836849404096,0.652252667811576,-0.269548460649902,0.650421685429217,-0.265522441202799
29.4,0.943824834295631,-0.060900195215124,0.652246664169629,-0.269535259660387,0.650421685429217,-0.265522441202799
29.5,0.943890692992765,-0.0608172141771229,0.652240699769915,-0.269522144957881,0.650421685429217,-0.265522441202799
29.6,0.943956147181579,-0.0607347371897628,0.65223477422893,-0.26950911569913,0.650421685429217,-0.265522441202799
29.7,0.944021200581269,-0.0606527596726029,0.652228887168161,-0.26949617105183,0.650421685429217,-0.265522441202799
29.8,0.944085856865528,-0.0605712771005572,0.652223038213983,-0.269483310194454,0.650421685429217,-0.265522441202799
29.9,0.944150119663242,-0.0604902850030559,0.652217226997591,-0.269470532316079,0.650421685429217,-0.265522441202799
30,0.944213992559169,-0.0604097789632279,0.65221145315494,-0.269457836616205,0.650421685429217,-0.265522441202799
