"method","Rdelta_plus","Rplus","worst_risk_Rgamma","sample_size","sample_size_e","sample_size_o","sample_label","gamma_cv"
"OLS",0.00750900415833155,0.21557128316411,0.115031830594845,NA,11485,1120,"Full sample: n1 = 11485, n2 = 1120",1.93
"CV",0.00457669107293678,0.21792126431171,0.113377139041239,NA,11485,1120,"Full sample: n1 = 11485, n2 = 1120",1.93
"OLS",0.0521128233898691,0.217212803112538,0.242796921785182,850,850,850,"n = 850",5.15
"CV",0.0396547132116948,0.243113654874865,0.223667713957547,850,850,850,"n = 850",5.15
"OLS",0.0156021215512975,0.215039974350904,0.120235716239759,650,650,650,"n = 650",1.63
"CV",0.0111884919009282,0.21810895769587,0.118173099747192,650,650,650,"n = 650",1.63
"OLS",0.00874685846460886,0.206712348133885,0.105018077175218,500,500,500,"n = 500",0.38
"CV",0.00757868943835059,0.206922024828441,0.104900963407507,500,500,500,"n = 500",0.38
"OLS",0.195880428268548,0.198604489867758,0.121828494184762,250,250,250,"n = 250",0.23
"CV",0.194867922236441,0.198715855019791,0.121767738567086,250,250,250,"n = 250",0.23
"OLS",0.0510972010012425,0.172160013200668,0.0962994468005827,150,150,150,"n = 150",0.4
"CV",0.0432989924003338,0.173616948027113,0.0954682724936234,150,150,150,"n = 150",0.4
"OLS",0.0593857807394136,0.174757533191716,0.0956927758993759,100,100,100,"n = 100",0.28
"CV",0.0499114456420533,0.175995800363864,0.0949855025718196,100,100,100,"n = 100",0.28
